,,,,,,,,,,,,,,,,,,,,,,,,
,,,,Vessel and Vessel Movements,,,,,,,,,Wind,,,,,Current,,Data Characteristics,,,,
Start Date,Time of reading,Image Numbers,Document Title,Vessel,Ship Type,Owner of Port of Registry,Vessel Movements,Latitude ,Longitude ,Barometer,Air Temperature,Water Temperature,Direction,Force,Course,Distance,Distance by Log,Direction,Drift,Meteorology,Oceanography,Confirmed Sea Ice Observations,Other data,Notes
28/04/1947,Noon,1983_011_0003_0006,Deck Log Book,Kon-Tiki,Raft,"Lillehammer - Norway",Callao - Tahiti,12.03S,77.13W,,,,,,,,,,,,,,,
28/04/1947,17:00,1983_011_0003_0006,Deck Log Book,Kon-Tiki,Raft,"Lillehammer - Norway",Callao - Tahiti,,,,,,S,2,,,,,,,,,,
29/04/1947,01:00,1983_011_0003_0008,Deck Log Book,Kon-Tiki,Raft,"Lillehammer - Norway",Callao - Tahiti,,,,,,S.E.,2,,,,,,,,,,
29/04/1947,Noon,1983_011_0003_0008,Deck Log Book,Kon-Tiki,Raft,"Lillehammer - Norway",Callao - Tahiti,11.43S,78.10W,,,,,,308,60.5,,,,,,,,
29/04/1947,13:00,1983_011_0003_0008,Deck Log Book,Kon-Tiki,Raft,"Lillehammer - Norway",Callao - Tahiti,,,,,,S.E.,3,,,,,,,,,,
30/04/1947,01:00,1983_011_0003_0010,Deck Log Book,Kon-Tiki,Raft,"Lillehammer - Norway",Callao - Tahiti,,,,,,S.E.,3,,,,,,,,,,
30/04/1947,09:00,1983_011_0003_0010,Deck Log Book,Kon-Tiki,Raft,"Lillehammer - Norway",Callao - Tahiti,,,,,,S.E.,4,,,,,,,,,,
30/04/1947,Noon,1983_011_0003_0010,Deck Log Book,Kon-Tiki,Raft,"Lillehammer - Norway",Callao - Tahiti,11.05S,78.45W,,,,,,333,51.6,40,S.E.,11.6,,,,,
30/04/1947,13:00,1983_011_0003_0010,Deck Log Book,Kon-Tiki,Raft,"Lillehammer - Norway",Callao - Tahiti,,,1024,72,74,S.E.,3,,,,,,,,,,
30/04/1947,17:00,1983_011_0003_0010,Deck Log Book,Kon-Tiki,Raft,"Lillehammer - Norway",Callao - Tahiti,,,,,,S.E.,3,,,,,,,,,,
01/05/1947,Noon,1983_011_0003_0012,Deck Log Book,Kon-Tiki,Raft,"Lillehammer - Norway",Callao - Tahiti,10.45S,79.25W,,,,,,318,56.5,32,S.E.,24.5,,,,,
01/05/1947,13:00,1983_011_0003_0012,Deck Log Book,Kon-Tiki,Raft,"Lillehammer - Norway",Callao - Tahiti,,,,,,S.E.,3,,,,,,,,,,
02/05/1947,01:00,1983_011_0003_0014,Deck Log Book,Kon-Tiki,Raft,"Lillehammer - Norway",Callao - Tahiti,,,,,,S.E.,4,,,,,,,,,,
02/05/1947,Noon,1983_011_0003_0014,Deck Log Book,Kon-Tiki,Raft,"Lillehammer - Norway",Callao - Tahiti,10.22S,80.20W,,,,,,308,59.6,30,S.E.,29.6,,,,,
02/05/1947,13:00,1983_011_0003_0014,Deck Log Book,Kon-Tiki,Raft,"Lillehammer - Norway",Callao - Tahiti,,,1022.5,72,74,S.E.,4,,,,,,,,,,
03/05/1947,Noon,1983_011_0003_0016,Deck Log Book,Kon-Tiki,Raft,"Lillehammer - Norway",Callao - Tahiti,10.05S,81.29W,,,,,,280,71,35,S.E.,36,,,,,
03/05/1947,13:00,1983_011_0003_0016,Deck Log Book,Kon-Tiki,Raft,"Lillehammer - Norway",Callao - Tahiti,,,1023,72,77,S.E.,1,,,,,,,,,,
04/05/1947,01:00,1983_011_0003_0018,Deck Log Book,Kon-Tiki,Raft,"Lillehammer - Norway",Callao - Tahiti,,,,,,S.E.,3,,,,,,,,,,
04/05/1947,Noon,1983_011_0003_0018,Deck Log Book,Kon-Tiki,Raft,"Lillehammer - Norway",Callao - Tahiti,9.40S,81.55W,,,,,,280,36.1,20,S.E.,16.1,,,,,
05/05/1947,Noon,1983_011_0003_0020,Deck Log Book,Kon-Tiki,Raft,"Lillehammer - Norway",Callao - Tahiti,9.32S,82.03W,,,,,,280,24,20,S.E.,4,,,,,
05/05/1947,19:00,1983_011_0003_0020,Deck Log Book,Kon-Tiki,Raft,"Lillehammer - Norway",Callao - Tahiti,,,1021,72,75,S.E.,2,,,,,,,,,,
06/05/1947,07:00,1983_011_0003_0022,Deck Log Book,Kon-Tiki,Raft,"Lillehammer - Norway",Callao - Tahiti,,,1021.5,71.5,73,S.S.E.,2,,,,,,,,,,
06/05/1947,Noon,1983_011_0003_0022,Deck Log Book,Kon-Tiki,Raft,"Lillehammer - Norway",Callao - Tahiti,9.22S,83.10W,,,,,,270,56,38,E.S.E.,18,,,,,
06/05/1947,19:00,1983_011_0003_0022,Deck Log Book,Kon-Tiki,Raft,"Lillehammer - Norway",Callao - Tahiti,,,1021.5,73.5,74.5,S.S.E.,3,,,,,,,,,,
07/05/1947,07:00,1983_011_0003_0024,Deck Log Book,Kon-Tiki,Raft,"Lillehammer - Norway",Callao - Tahiti,,,1022.5,72.5,75,S.S.E.,3,,,,,,,,,,
07/05/1947,Noon,1983_011_0003_0024,Deck Log Book,Kon-Tiki,Raft,"Lillehammer - Norway",Callao - Tahiti,9.13S,83.30W,,,,,,270,22,16,E.S.E.,6,,,,,
07/05/1947,19:00,1983_011_0003_0024,Deck Log Book,Kon-Tiki,Raft,"Lillehammer - Norway",Callao - Tahiti,,,1021.5,74.5,75,S.S.E.,2,,,,,,,,,,
08/05/1947,07:00,1983_011_0003_0026,Deck Log Book,Kon-Tiki,Raft,"Lillehammer - Norway",Callao - Tahiti,,,1022,73,75.5,S.S.E.,3,,,,,,,,,,
08/05/1947,Noon,1983_011_0003_0026,Deck Log Book,Kon-Tiki,Raft,"Lillehammer - Norway",Callao - Tahiti,9.7S,84.4W,,,,,,270,35,24,E.S.E.,11,,,,,
08/05/1947,19:00,1983_011_0003_0026,Deck Log Book,Kon-Tiki,Raft,"Lillehammer - Norway",Callao - Tahiti,,,1020.5,74.5,75.5,S.E.,4,,,,,,,,,,
09/05/1947,07:00,1983_011_0003_0028,Deck Log Book,Kon-Tiki,Raft,"Lillehammer - Norway",Callao - Tahiti,,,1021.5,74.5,75.5,S.E.,3,,,,,,,,,,
09/05/1947,Noon,1983_011_0003_0028,Deck Log Book,Kon-Tiki,Raft,"Lillehammer - Norway",Callao - Tahiti,8.37S,85W,,,,,,270,63.4,32,E.S.E.,31.4,,,,,
09/05/1947,19:00,1983_011_0003_0028,Deck Log Book,Kon-Tiki,Raft,"Lillehammer - Norway",Callao - Tahiti,,,1021,74,75.5,S.E.,4,,,,,,,,,,
10/05/1947,07:00,1983_011_0003_0030,Deck Log Book,Kon-Tiki,Raft,"Lillehammer - Norway",Callao - Tahiti,,,1021.5,73.5,76,E.S.E. ,3,,,,,,,,,,
10/05/1947,Noon,1983_011_0003_0030,Deck Log Book,Kon-Tiki,Raft,"Lillehammer - Norway",Callao - Tahiti,8.41S,85.31W,,,,,,270,31.2,28,S.E.,3.2,,,,,
10/05/1947,19:00,1983_011_0003_0030,Deck Log Book,Kon-Tiki,Raft,"Lillehammer - Norway",Callao - Tahiti,,,1021.5,74.5,76,E.S.E. ,3,,,,,,,,,,
11/05/1947,07:00,1983_011_0003_0032,Deck Log Book,Kon-Tiki,Raft,"Lillehammer - Norway",Callao - Tahiti,,,1023.5,75,75.5,S.E.,3,,,,,,,,,,
11/05/1947,Noon,1983_011_0003_0032,Deck Log Book,Kon-Tiki,Raft,"Lillehammer - Norway",Callao - Tahiti,8.51S,86.05W,,,,,,270,35.7,28,S.E.,7.4,,,,,
11/05/1947,19:00,1983_011_0003_0032,Deck Log Book,Kon-Tiki,Raft,"Lillehammer - Norway",Callao - Tahiti,,,1022,75,76,S.E.,3,,,,,,,,,,
12/05/1947,07:00,1983_011_0003_0034,Deck Log Book,Kon-Tiki,Raft,"Lillehammer - Norway",Callao - Tahiti,,,1023,75,76.8,S.E.,2,,,,,,,,,,
12/05/1947,Noon,1983_011_0003_0034,Deck Log Book,Kon-Tiki,Raft,"Lillehammer - Norway",Callao - Tahiti,8.41S,86.26W,,,,,,270,23.2,20,S.S.E.,3.2,,,,,
12/05/1947,19:00,1983_011_0003_0034,Deck Log Book,Kon-Tiki,Raft,"Lillehammer - Norway",Callao - Tahiti,,,1021.5,75,77.5,S.E.,2,,,,,,,,,,
13/05/1947,07:00,1983_011_0003_0036,Deck Log Book,Kon-Tiki,Raft,"Lillehammer - Norway",Callao - Tahiti,,,1023,71,77,S.E.,7,,,,,,,,,,
13/05/1947,Noon,1983_011_0003_0036,Deck Log Book,Kon-Tiki,Raft,"Lillehammer - Norway",Callao - Tahiti,8.51S,87.04W,,,,,,270,38,22,S.E.,16,,,,,
13/05/1947,19:00,1983_011_0003_0036,Deck Log Book,Kon-Tiki,Raft,"Lillehammer - Norway",Callao - Tahiti,,,1021.5,74.5,77.5,S.S.E.,2,,,,,,,,,,
14/05/1947,07:00,1983_011_0003_0038,Deck Log Book,Kon-Tiki,Raft,"Lillehammer - Norway",Callao - Tahiti,,,1023,75.5,77.5,S.S.E.,2,,,,,,,,,,
14/05/1947,Noon,1983_011_0003_0038,Deck Log Book,Kon-Tiki,Raft,"Lillehammer - Norway",Callao - Tahiti,8.43S,87.47W,,,,,,270,43.3,38,S.E.,5.3,,,,,
14/05/1947,19:00,1983_011_0003_0038,Deck Log Book,Kon-Tiki,Raft,"Lillehammer - Norway",Callao - Tahiti,,,1022,75,78,S.E.,3,,,,,,,,,,
15/05/1947,07:00,1983_011_0003_0040,Deck Log Book,Kon-Tiki,Raft,"Lillehammer - Norway",Callao - Tahiti,,,1023.5,76,78.8,S.E.,3,,,,,,,,,,
15/05/1947,Noon,1983_011_0003_0040,Deck Log Book,Kon-Tiki,Raft,"Lillehammer - Norway",Callao - Tahiti,8.41S,88.22W,,,,,,270,53.9,40,E.S.E. ,13.9,,,,,
15/05/1947,18:00,1983_011_0003_0040,Deck Log Book,Kon-Tiki,Raft,"Lillehammer - Norway",Callao - Tahiti,,,1022,75.5,79.2,S.E.,3,,,,,,,,,,
16/05/1947,06:00,1983_011_0003_0042,Deck Log Book,Kon-Tiki,Raft,"Lillehammer - Norway",Callao - Tahiti,,,1021.5,75.5,79,S.E.,3,,,,,,,,,,
16/05/1947,Noon,1983_011_0003_0042,Deck Log Book,Kon-Tiki,Raft,"Lillehammer - Norway",Callao - Tahiti,8.02S,89.06W,,,,,,270,44,40,E.S.E. ,4,,,,,
16/05/1947,18:00,1983_011_0003_0042,Deck Log Book,Kon-Tiki,Raft,"Lillehammer - Norway",Callao - Tahiti,,,1021.5,76,79.2,S.S.E.,3,,,,,,,,,,
17/05/1947,06:00,1983_011_0003_0044,Deck Log Book,Kon-Tiki,Raft,"Lillehammer - Norway",Callao - Tahiti,,,1022,76.5,79,S.S.E.,2,,,,,,,,,,
17/05/1947,Noon,1983_011_0003_0044,Deck Log Book,Kon-Tiki,Raft,"Lillehammer - Norway",Callao - Tahiti,7.54S,89.46W,,,,,,270,40.2,38,S.E.,2.2,,,,,
17/05/1947,18:00,1983_011_0003_0044,Deck Log Book,Kon-Tiki,Raft,"Lillehammer - Norway",Callao - Tahiti,,,1022.5,76,79,S.S.E.,4,,,,,,,,,,
18/05/1947,06:00,1983_011_0003_0046,Deck Log Book,Kon-Tiki,Raft,"Lillehammer - Norway",Callao - Tahiti,,,1022,76.5,79.5,S.S.E.,3,,,,,,,,,,
18/05/1947,Noon,1983_011_0003_0046,Deck Log Book,Kon-Tiki,Raft,"Lillehammer - Norway",Callao - Tahiti,7.54S,90.30W,,,,,,270,44,44,,,,,,,
18/05/1947,18:00,1983_011_0003_0046,Deck Log Book,Kon-Tiki,Raft,"Lillehammer - Norway",Callao - Tahiti,,,1022,76.5,79.8,S.S.E.,4,,,,,,,,,,
19/05/1947,06:00,1983_011_0003_0048,Deck Log Book,Kon-Tiki,Raft,"Lillehammer - Norway",Callao - Tahiti,,,1022.5,74.5,80,S.S.E.,3,,,,,,,,,,
19/05/1947,Noon,1983_011_0003_0048,Deck Log Book,Kon-Tiki,Raft,"Lillehammer - Norway",Callao - Tahiti,7.44S,91.29W,,,,,,270,59.8,44,E.,15.8,,,,,
19/05/1947,19:00,1983_011_0003_0048,Deck Log Book,Kon-Tiki,Raft,"Lillehammer - Norway",Callao - Tahiti,,,1021.5,76.5,80,S.S.E.,2,,,,,,,,,,
20/05/1947,06:00,1983_011_0003_0050,Deck Log Book,Kon-Tiki,Raft,"Lillehammer - Norway",Callao - Tahiti,,,1022.5,76,79.5,S.S.E.,2,,,,,,,,,,
20/05/1947,Noon,1983_011_0003_0050,Deck Log Book,Kon-Tiki,Raft,"Lillehammer - Norway",Callao - Tahiti,7.44S,92.10W,,,,,,270,35,35,,,,,,,
20/05/1947,18:00,1983_011_0003_0050,Deck Log Book,Kon-Tiki,Raft,"Lillehammer - Norway",Callao - Tahiti,,,1021.5,75.5,79.5,S.E.,3,,,,,,,,,,
21/05/1947,06:00,1983_011_0003_0052,Deck Log Book,Kon-Tiki,Raft,"Lillehammer - Norway",Callao - Tahiti,,,1022,72.5,79.2,E.S.E. ,3,,,,,,,,,,
21/05/1947,Noon,1983_011_0003_0052,Deck Log Book,Kon-Tiki,Raft,"Lillehammer - Norway",Callao - Tahiti,7.44S,92.49W,,,,,,270,46,40,E.,6,,,,,
21/05/1947,19:00,1983_011_0003_0052,Deck Log Book,Kon-Tiki,Raft,"Lillehammer - Norway",Callao - Tahiti,,,1021.5,75.5,79.2,E.S.E. ,3,,,,,,,,,,
22/05/1947,06:00,1983_011_0003_0054,Deck Log Book,Kon-Tiki,Raft,"Lillehammer - Norway",Callao - Tahiti,,,1022.5,77.5,79.2,S.S.E.,1,,,,,,,,,,
22/05/1947,Noon,1983_011_0003_0054,Deck Log Book,Kon-Tiki,Raft,"Lillehammer - Norway",Callao - Tahiti,7.34S,93.27W,,,,,,270,38,30,E.,8,,,,,
22/05/1947,18:00,1983_011_0003_0054,Deck Log Book,Kon-Tiki,Raft,"Lillehammer - Norway",Callao - Tahiti,,,1022.5,76.5,79.6,S.S.E.,3,,,,,,,,,,
23/05/1947,06:00,1983_011_0003_0056,Deck Log Book,Kon-Tiki,Raft,"Lillehammer - Norway",Callao - Tahiti,,,1022.5,76.5,79.3,S.S.E.,3,,,,,,,,,,
23/05/1947,Noon,1983_011_0003_0056,Deck Log Book,Kon-Tiki,Raft,"Lillehammer - Norway",Callao - Tahiti,7.36S,93.52W,,,,,,270,25.1,25.1,,,,,,,
23/05/1947,18:00,1983_011_0003_0056,Deck Log Book,Kon-Tiki,Raft,"Lillehammer - Norway",Callao - Tahiti,,,1022.5,76.5,79.8,S.S.E.,3,,,,,,,,,,
24/05/1947,06:00,1983_011_0003_0058,Deck Log Book,Kon-Tiki,Raft,"Lillehammer - Norway",Callao - Tahiti,,,1023,76,79.6,E.S.E. ,2,,,,,,,,,,
24/05/1947,Noon,1983_011_0003_0058,Deck Log Book,Kon-Tiki,Raft,"Lillehammer - Norway",Callao - Tahiti,7.35S,94.16W,,,,,,270,27.1,16,E.,8,,,,,
24/05/1947,18:00,1983_011_0003_0058,Deck Log Book,Kon-Tiki,Raft,"Lillehammer - Norway",Callao - Tahiti,,,1022.5,76,79.5,E.S.E. ,2,,,,,,,,,,
25/05/1947,06:00,1983_011_0003_0060,Deck Log Book,Kon-Tiki,Raft,"Lillehammer - Norway",Callao - Tahiti,,,1023,76.5,79.1,S.S.E.,2,,,,,,,,,,
25/05/1947,Noon,1983_011_0003_0060,Deck Log Book,Kon-Tiki,Raft,"Lillehammer - Norway",Callao - Tahiti,7.28S,94.51W,,,,,,270,35.7,27,S.E.,8.7,,,,,
25/05/1947,18:00,1983_011_0003_0060,Deck Log Book,Kon-Tiki,Raft,"Lillehammer - Norway",Callao - Tahiti,,,1023.5,76.5,79.6,S.S.E.,3,,,,,,,,,,
26/05/1947,06:00,1983_011_0003_0062,Deck Log Book,Kon-Tiki,Raft,"Lillehammer - Norway",Callao - Tahiti,,,1023.5,76.5,79,S.E.,3,,,,,,,,,,
26/05/1947,Noon,1983_011_0003_0062,Deck Log Book,Kon-Tiki,Raft,"Lillehammer - Norway",Callao - Tahiti,7.28S,98.27W,,,,,,270,36,36,,,,,,,
26/05/1947,18:00,1983_011_0003_0062,Deck Log Book,Kon-Tiki,Raft,"Lillehammer - Norway",Callao - Tahiti,,,1022.5,76.5,79.4,S.E.,3,,,,,,,,,,
27/05/1947,06:00,1983_011_0003_0064,Deck Log Book,Kon-Tiki,Raft,"Lillehammer - Norway",Callao - Tahiti,,,1023.5,76.5,79.4,S.E.,3,,,,,,,,,,
27/05/1947,Noon,1983_011_0003_0064,Deck Log Book,Kon-Tiki,Raft,"Lillehammer - Norway",Callao - Tahiti,7.27S,96.03W,,,,,,270,36,36,,,,,,,
27/05/1947,18:00,1983_011_0003_0064,Deck Log Book,Kon-Tiki,Raft,"Lillehammer - Norway",Callao - Tahiti,,,1022.5,76.5,78.9,S.E.,3,,,,,,,,,,
28/05/1947,06:00,1983_011_0003_0066,Deck Log Book,Kon-Tiki,Raft,"Lillehammer - Norway",Callao - Tahiti,,,1023,75.8,78.4,S.E.,3,,,,,,,,,,
28/05/1947,Noon,1983_011_0003_0066,Deck Log Book,Kon-Tiki,Raft,"Lillehammer - Norway",Callao - Tahiti,7.27S,96.39W,,,,,,270,36,36,,,,,,,
28/05/1947,18:00,1983_011_0003_0066,Deck Log Book,Kon-Tiki,Raft,"Lillehammer - Norway",Callao - Tahiti,,,1021.5,76,78.6,S.E.,3,,,,,,,,,,
29/05/1947,06:00,1983_011_0003_0068,Deck Log Book,Kon-Tiki,Raft,"Lillehammer - Norway",Callao - Tahiti,,,1022.5,76.2,78.6,S.E.,3,,,,,,,,,,
29/05/1947,Noon,1983_011_0003_0068,Deck Log Book,Kon-Tiki,Raft,"Lillehammer - Norway",Callao - Tahiti,7.40S,97.44W,,,,,,270,66.3,32,S.E.,34.3,,,,,
29/05/1947,18:00,1983_011_0003_0068,Deck Log Book,Kon-Tiki,Raft,"Lillehammer - Norway",Callao - Tahiti,,,1021,77.3,79,E.S.E. ,2,,,,,,,,,,
30/05/1947,06:00,1983_011_0003_0070,Deck Log Book,Kon-Tiki,Raft,"Lillehammer - Norway",Callao - Tahiti,,,1023.5,76.5,78.5,S.E.,3,,,,,,,,,,
30/05/1947,Noon,1983_011_0003_0070,Deck Log Book,Kon-Tiki,Raft,"Lillehammer - Norway",Callao - Tahiti,7.44S,98.29W,,,,,,272,45.1,37,S.E.,81,,,,,
30/05/1947,18:00,1983_011_0003_0070,Deck Log Book,Kon-Tiki,Raft,"Lillehammer - Norway",Callao - Tahiti,,,1022.2,76,78,E. ,4,,,,,,,,,,
31/05/1947,06:00,1983_011_0003_0072,Deck Log Book,Kon-Tiki,Raft,"Lillehammer - Norway",Callao - Tahiti,,,1023,76.5,78,S.E.,3,,,,,,,,,,
31/05/1947,Noon,1983_011_0003_0072,Deck Log Book,Kon-Tiki,Raft,"Lillehammer - Norway",Callao - Tahiti,7.37S,99.27W,,,,,,272,58.7,48,E.S.E. ,10.7,,,,,
31/05/1947,18:00,1983_011_0003_0072,Deck Log Book,Kon-Tiki,Raft,"Lillehammer - Norway",Callao - Tahiti,,,1023,77,78,E. ,3,,,,,,,,,,
01/06/1947,06:00,1983_011_0003_0074,Deck Log Book,Kon-Tiki,Raft,"Lillehammer - Norway",Callao - Tahiti,,,1023,76.8,78.8,E.S.E. ,3,,,,,,,,,,
01/06/1947,Noon,1983_011_0003_0074,Deck Log Book,Kon-Tiki,Raft,"Lillehammer - Norway",Callao - Tahiti,6.59S,99.35W,,,,,,10,38.8,35,S.E.,3.8,,,,,
01/06/1947,18:00,1983_011_0003_0074,Deck Log Book,Kon-Tiki,Raft,"Lillehammer - Norway",Callao - Tahiti,,,1022.2,76.6,78.9,E.S.E. ,4,,,,,,,,,,
02/06/1947,06:00,1983_011_0003_0076,Deck Log Book,Kon-Tiki,Raft,"Lillehammer - Norway",Callao - Tahiti,,,1023.4,76.9,79,E.S.E. ,3,,,,,,,,,,
02/06/1947,Noon,1983_011_0003_0076,Deck Log Book,Kon-Tiki,Raft,"Lillehammer - Norway",Callao - Tahiti,6.46S,100.03W,,,,,,260,30.8,30.8,,,,,,,
02/06/1947,18:00,1983_011_0003_0076,Deck Log Book,Kon-Tiki,Raft,"Lillehammer - Norway",Callao - Tahiti,,,1021,77.8,79.1,E.S.E. ,4,,,,,,,,,,
03/06/1947,06:00,1983_011_0003_0078,Deck Log Book,Kon-Tiki,Raft,"Lillehammer - Norway",Callao - Tahiti,,,1023,76.9,79.1,S.E.,3,,,,,,,,,,
03/06/1947,Noon,1983_011_0003_0078,Deck Log Book,Kon-Tiki,Raft,"Lillehammer - Norway",Callao - Tahiti,6.35S,100.46W,,,,,,260,61,40,S.E.,21,,,,,
03/06/1947,18:00,1983_011_0003_0078,Deck Log Book,Kon-Tiki,Raft,"Lillehammer - Norway",Callao - Tahiti,,,1022,78,79.1,S.E.,3,,,,,,,,,,
04/06/1947,06:00,1983_011_0003_0080,Deck Log Book,Kon-Tiki,Raft,"Lillehammer - Norway",Callao - Tahiti,,,1023,75.4,78.2,S.E.,3,,,,,,,,,,
04/06/1947,Noon,1983_011_0003_0080,Deck Log Book,Kon-Tiki,Raft,"Lillehammer - Norway",Callao - Tahiti,6.34S,102.2W,,,,,,260,59,46,S.E.,13,,,,,
04/06/1947,18:00,1983_011_0003_0080,Deck Log Book,Kon-Tiki,Raft,"Lillehammer - Norway",Callao - Tahiti,,,1022,78,79.4,S.E.,3,,,,,,,,,,
05/06/1947,06:00,1983_011_0003_0082,Deck Log Book,Kon-Tiki,Raft,"Lillehammer - Norway",Callao - Tahiti,,,1022,77,78.2,S.S.E. ,4,,,,,,,,,,
05/06/1947,Noon,1983_011_0003_0082,Deck Log Book,Kon-Tiki,Raft,"Lillehammer - Norway",Callao - Tahiti,6.38S,102.47W,,,,,,260,45.2,,,,,,,,
05/06/1947,18:00,1983_011_0003_0082,Deck Log Book,Kon-Tiki,Raft,"Lillehammer - Norway",Callao - Tahiti,,,1021.2,78.8,78.6,S.S.E. ,3,,,,,,,,,,
06/06/1947,06:00,1983_011_0003_0084,Deck Log Book,Kon-Tiki,Raft,"Lillehammer - Norway",Callao - Tahiti,,,1023,75,79,S.S.E.,3,,,,,,,,,,
06/06/1947,Noon,1983_011_0003_0084,Deck Log Book,Kon-Tiki,Raft,"Lillehammer - Norway",Callao - Tahiti,6.40S,103.35W,,,,,,260,48,,,,,,,,
06/06/1947,18:00,1983_011_0003_0084,Deck Log Book,Kon-Tiki,Raft,"Lillehammer - Norway",Callao - Tahiti,,,1021.7,78.8,78.5,S.S.E.,3,,,,,,,,,,
07/06/1947,06:00,1983_011_0003_0086,Deck Log Book,Kon-Tiki,Raft,"Lillehammer - Norway",Callao - Tahiti,,,1022,75,78.2,S.E.,3,,,,,,,,,,
07/06/1947,Noon,1983_011_0003_0086,Deck Log Book,Kon-Tiki,Raft,"Lillehammer - Norway",Callao - Tahiti,6.33S,104.21W,,,,,,260,46.5,,,,,,,,
07/06/1947,18:00,1983_011_0003_0086,Deck Log Book,Kon-Tiki,Raft,"Lillehammer - Norway",Callao - Tahiti,,,1020.7,78.3,79.1,S.E.,4,,,,,,,,,,
08/06/1947,05:00,1983_011_0003_0088,Deck Log Book,Kon-Tiki,Raft,"Lillehammer - Norway",Callao - Tahiti,,,1022.6,77.8,79.2,S.E.,3,,,,,,,,,,
08/06/1947,Noon,1983_011_0003_0088,Deck Log Book,Kon-Tiki,Raft,"Lillehammer - Norway",Callao - Tahiti,6.26S,105.19W,,,,,,260,58.4,43.4,S.E.,10,,,,,
08/06/1947,17:00,1983_011_0003_0088,Deck Log Book,Kon-Tiki,Raft,"Lillehammer - Norway",Callao - Tahiti,,,1022.6,79,79.6,S.E.,3,,,,,,,,,,
09/06/1947,05:00,1983_011_0003_0090,Deck Log Book,Kon-Tiki,Raft,"Lillehammer - Norway",Callao - Tahiti,,,1023,77,79.2,S.E.,4,,,,,,,,,,
09/06/1947,Noon,1983_011_0003_0090,Deck Log Book,Kon-Tiki,Raft,"Lillehammer - Norway",Callao - Tahiti,6.24S,106.16W,,,,,,260,57,47,S.E.,8,,,,,
09/06/1947,17:00,1983_011_0003_0090,Deck Log Book,Kon-Tiki,Raft,"Lillehammer - Norway",Callao - Tahiti,,,1023.6,78.2,79.1,S.E.,4,,,,,,,,,,
10/06/1947,05:00,1983_011_0003_0092,Deck Log Book,Kon-Tiki,Raft,"Lillehammer - Norway",Callao - Tahiti,,,1025.5,76.8,79.1,S.E.,3,,,,,,,,,,
10/06/1947,Noon,1983_011_0003_0092,Deck Log Book,Kon-Tiki,Raft,"Lillehammer - Norway",Callao - Tahiti,6.19S,107.3W,,,,,,260,47.3,33.3,S.E.,10,,,,,
10/06/1947,17:00,1983_011_0003_0092,Deck Log Book,Kon-Tiki,Raft,"Lillehammer - Norway",Callao - Tahiti,,,1024.1,79.3,79.4,S.E.,3,,,,,,,,,,
11/06/1947,05:00,1983_011_0003_0094,Deck Log Book,Kon-Tiki,Raft,"Lillehammer - Norway",Callao - Tahiti,,,1025.2,77,78.3,S.E.,3,,,,,,,,,,
11/06/1947,Noon,1983_011_0003_0094,Deck Log Book,Kon-Tiki,Raft,"Lillehammer - Norway",Callao - Tahiti,6.20S,107.58W,,,,,,260,55,38,E.,13,,,,,
11/06/1947,17:00,1983_011_0003_0094,Deck Log Book,Kon-Tiki,Raft,"Lillehammer - Norway",Callao - Tahiti,,,1023.9,78.2,78.8,E.S.E. ,3,,,,,,,,,,
12/06/1947,05:00,1983_011_0003_0096,Deck Log Book,Kon-Tiki,Raft,"Lillehammer - Norway",Callao - Tahiti,,,1024.1,76.8,77.9,E.S.E. ,3,,,,,,,,,,
12/06/1947,Noon,1983_011_0003_0096,Deck Log Book,Kon-Tiki,Raft,"Lillehammer - Norway",Callao - Tahiti,6.41S,108.30W,,,,,,240,38.2,36.2,,,,,,,
12/06/1947,17:00,1983_011_0003_0096,Deck Log Book,Kon-Tiki,Raft,"Lillehammer - Norway",Callao - Tahiti,,,1021.6,79,78.1,E.S.E. ,3,,,,,,,,,,
13/06/1947,05:00,1983_011_0003_0098,Deck Log Book,Kon-Tiki,Raft,"Lillehammer - Norway",Callao - Tahiti,,,1023,77.8,77.8,E.S.E. ,3,,,,,,,,,,
13/06/1947,Noon,1983_011_0003_0098,Deck Log Book,Kon-Tiki,Raft,"Lillehammer - Norway",Callao - Tahiti,6.50S,109.19W,,,,,,240,49.8,39.8,E.,10,,,,,
13/06/1947,17:00,1983_011_0003_0098,Deck Log Book,Kon-Tiki,Raft,"Lillehammer - Norway",Callao - Tahiti,,,1021.8,78.8,79.1,E.S.E. ,4,,,,,,,,,,
14/06/1947,05:00,1983_011_0003_0100,Deck Log Book,Kon-Tiki,Raft,"Lillehammer - Norway",Callao - Tahiti,,,1023.1,77,79,E.S.E. ,4,,,,,,,,,,
14/06/1947,Noon,1983_011_0003_0100,Deck Log Book,Kon-Tiki,Raft,"Lillehammer - Norway",Callao - Tahiti,6.58S,110.22W,,,,,,240,63.6,44.6,S.S.E.,20,,,,,
14/06/1947,17:00,1983_011_0003_0100,Deck Log Book,Kon-Tiki,Raft,"Lillehammer - Norway",Callao - Tahiti,,,1022.6,79.2,79.1,E.S.E. ,4,,,,,,,,,,
15/06/1947,05:00,1983_011_0003_0102,Deck Log Book,Kon-Tiki,Raft,"Lillehammer - Norway",Callao - Tahiti,,,1022.8,75.8,79,E.S.E. ,4,,,,,,,,,,
15/06/1947,Noon,1983_011_0003_0102,Deck Log Book,Kon-Tiki,Raft,"Lillehammer - Norway",Callao - Tahiti,7.4S,111.31W,,,,,,240,69.2,49.2,S.E.,18,,,,,
15/06/1947,17:00,1983_011_0003_0102,Deck Log Book,Kon-Tiki,Raft,"Lillehammer - Norway",Callao - Tahiti,,,1022.4,79,79.9,E.S.E. ,4,,,,,,,,,,
16/06/1947,05:00,1983_011_0003_0104,Deck Log Book,Kon-Tiki,Raft,"Lillehammer - Norway",Callao - Tahiti,,,1023.7,76.8,79.1,E.S.E. ,4,,,,,,,,,,
16/06/1947,Noon,1983_011_0003_0104,Deck Log Book,Kon-Tiki,Raft,"Lillehammer - Norway",Callao - Tahiti,7.20S,112.25W,,,,,,240,56.3,46.3,S.E.,17,,,,,
16/06/1947,17:00,1983_011_0003_0104,Deck Log Book,Kon-Tiki,Raft,"Lillehammer - Norway",Callao - Tahiti,,,1023.3,79.1,79.5,E.S.E. ,4,,,,,,,,,,
17/06/1947,05:00,1983_011_0003_0106,Deck Log Book,Kon-Tiki,Raft,"Lillehammer - Norway",Callao - Tahiti,,,1024.1,77.9,79,S.E. ,3,,,,,,,,,,
17/06/1947,Noon,1983_011_0003_0106,Deck Log Book,Kon-Tiki,Raft,"Lillehammer - Norway",Callao - Tahiti,7.29S,113.21W,,,,,,240,56.8,14.8,E.S.E. ,10,,,,,
17/06/1947,17:00,1983_011_0003_0106,Deck Log Book,Kon-Tiki,Raft,"Lillehammer - Norway",Callao - Tahiti,,,1023.6,79,79.3,E.S.E. ,2,,,,,,,,,,
18/06/1947,05:00,1983_011_0003_0108,Deck Log Book,Kon-Tiki,Raft,"Lillehammer - Norway",Callao - Tahiti,,,1023.6,77,79,E.S.E. ,3,,,,,,,,,,
18/06/1947,Noon,1983_011_0003_0108,Deck Log Book,Kon-Tiki,Raft,"Lillehammer - Norway",Callao - Tahiti,7.29S,114.4W,,,,,,250,43,33,S.E.,10,,,,,
18/06/1947,17:00,1983_011_0003_0108,Deck Log Book,Kon-Tiki,Raft,"Lillehammer - Norway",Callao - Tahiti,,,1022.8,78.7,79.1,E.S.E. ,3,,,,,,,,,,
19/06/1947,05:00,1983_011_0003_0110,Deck Log Book,Kon-Tiki,Raft,"Lillehammer - Norway",Callao - Tahiti,,,1023.1,77,79.1,E.S.E. ,3,,,,,,,,,,
19/06/1947,Noon,1983_011_0003_0110,Deck Log Book,Kon-Tiki,Raft,"Lillehammer - Norway",Callao - Tahiti,7.25S,114.53W,,,,,,250,49,35,E.S.E. ,12,,,,,
19/06/1947,17:00,1983_011_0003_0110,Deck Log Book,Kon-Tiki,Raft,"Lillehammer - Norway",Callao - Tahiti,,,1023.2,80.8,79.8,E.S.E. ,3,,,,,,,,,,
20/06/1947,05:00,1983_011_0003_0112,Deck Log Book,Kon-Tiki,Raft,"Lillehammer - Norway",Callao - Tahiti,,,1024,76.7,79.1,E.S.E. ,3,,,,,,,,,,
20/06/1947,Noon,1983_011_0003_0112,Deck Log Book,Kon-Tiki,Raft,"Lillehammer - Norway",Callao - Tahiti,7.33S,115.34W,,,,,,240,41.8,33.8,E.S.E. ,8,,,,,
20/06/1947,17:00,1983_011_0003_0112,Deck Log Book,Kon-Tiki,Raft,"Lillehammer - Norway",Callao - Tahiti,,,1023.4,79.3,79.6,S.E. ,3,,,,,,,,,,
21/06/1947,05:00,1983_011_0003_0114,Deck Log Book,Kon-Tiki,Raft,"Lillehammer - Norway",Callao - Tahiti,,,1024.8,77.8,79,E.S.E. ,3,,,,,,,,,,
21/06/1947,Noon,1983_011_0003_0114,Deck Log Book,Kon-Tiki,Raft,"Lillehammer - Norway",Callao - Tahiti,7.40S,116.34W,,,,,,240,60.4,41.4,S.E.,15,,,,,
21/06/1947,17:00,1983_011_0003_0114,Deck Log Book,Kon-Tiki,Raft,"Lillehammer - Norway",Callao - Tahiti,,,1023.9,79.8,79,E.S.E. ,4,,,,,,,,,,
22/06/1947,06:00,1983_011_0003_0116,Deck Log Book,Kon-Tiki,Raft,"Lillehammer - Norway",Callao - Tahiti,,,1024.5,77.1,79,E.S.E. ,4,,,,,,,,,,
22/06/1947,Noon,1983_011_0003_0116,Deck Log Book,Kon-Tiki,Raft,"Lillehammer - Norway",Callao - Tahiti,8.5S,117.26W,,,,,,235,57.6,50,E.,6,,,,,
22/06/1947,18:00,1983_011_0003_0116,Deck Log Book,Kon-Tiki,Raft,"Lillehammer - Norway",Callao - Tahiti,,,1023.7,78.6,79.2,S.E. ,3,,,,,,,,,,
23/06/1947,05:00,1983_011_0003_0118,Deck Log Book,Kon-Tiki,Raft,"Lillehammer - Norway",Callao - Tahiti,,,1023.4,76.1,77.9,E.S.E. ,2,,,,,,,,,,
23/06/1947,Noon,1983_011_0003_0118,Deck Log Book,Kon-Tiki,Raft,"Lillehammer - Norway",Callao - Tahiti,8.19S,118.6W,,,,,,245,42.4,37,E.,5,,,,,
23/06/1947,17:00,1983_011_0003_0118,Deck Log Book,Kon-Tiki,Raft,"Lillehammer - Norway",Callao - Tahiti,,,1021.4,79,79.9,E.S.E. ,3,,,,,,,,,,
24/06/1947,05:00,1983_011_0003_0120,Deck Log Book,Kon-Tiki,Raft,"Lillehammer - Norway",Callao - Tahiti,,,1022,75.5,79,E.S.E. ,3,,,,,,,,,,
24/06/1947,Noon,1983_011_0003_0120,Deck Log Book,Kon-Tiki,Raft,"Lillehammer - Norway",Callao - Tahiti,8.22S,118.51W,,,,,,245,45,32,S.E.,20,,,,,
24/06/1947,17:00,1983_011_0003_0120,Deck Log Book,Kon-Tiki,Raft,"Lillehammer - Norway",Callao - Tahiti,,,1022,78.2,79.4,S.E. ,4,,,,,,,,,,
25/06/1947,05:00,1983_011_0003_0122,Deck Log Book,Kon-Tiki,Raft,"Lillehammer - Norway",Callao - Tahiti,,,1023.6,77.8,79.2,S.S.E. ,4,,,,,,,,,,
25/06/1947,Noon,1983_011_0003_0122,Deck Log Book,Kon-Tiki,Raft,"Lillehammer - Norway",Callao - Tahiti,8.23S,119.42W,,,,,,240,51,36,S.E.,15,,,,,
25/06/1947,17:00,1983_011_0003_0122,Deck Log Book,Kon-Tiki,Raft,"Lillehammer - Norway",Callao - Tahiti,,,1022.1,78.2,79.3,S.S.E. ,4,,,,,,,,,,
26/06/1947,05:00,1983_011_0003_0124,Deck Log Book,Kon-Tiki,Raft,"Lillehammer - Norway",Callao - Tahiti,,,1023,76.8,79.2,S.E. ,3,,,,,,,,,,
26/06/1947,Noon,1983_011_0003_0124,Deck Log Book,Kon-Tiki,Raft,"Lillehammer - Norway",Callao - Tahiti,8.31S,120.37W,,,,,,240,55.5,43,S.E.,14,,,,,
26/06/1947,17:00,1983_011_0003_0124,Deck Log Book,Kon-Tiki,Raft,"Lillehammer - Norway",Callao - Tahiti,,,1021.9,79.5,79.6,S.E. ,4,,,,,,,,,,
27/06/1947,05:00,1983_011_0003_0126,Deck Log Book,Kon-Tiki,Raft,"Lillehammer - Norway",Callao - Tahiti,,,1021.5,77,79,E.,4,,,,,,,,,,
27/06/1947,Noon,1983_011_0003_0126,Deck Log Book,Kon-Tiki,Raft,"Lillehammer - Norway",Callao - Tahiti,8.49S,121.20W,,,,,,240,46.6,42,E.,4,,,,,
27/06/1947,17:00,1983_011_0003_0126,Deck Log Book,Kon-Tiki,Raft,"Lillehammer - Norway",Callao - Tahiti,,,1020.9,79.8,79.4,E.,3,,,,,,,,,,
28/06/1947,05:00,1983_011_0003_0128,Deck Log Book,Kon-Tiki,Raft,"Lillehammer - Norway",Callao - Tahiti,,,1021.4,77.2,78.8,E.,4,,,,,,,,,,
28/06/1947,Noon,1983_011_0003_0128,Deck Log Book,Kon-Tiki,Raft,"Lillehammer - Norway",Callao - Tahiti,9.12S,121.45W,,,,,,210,34,28,E.,6,,,,,
28/06/1947,17:00,1983_011_0003_0128,Deck Log Book,Kon-Tiki,Raft,"Lillehammer - Norway",Callao - Tahiti,,,1021.6,79.2,79.1,E.,3,,,,,,,,,,
29/06/1947,04:00,1983_011_0003_0130,Deck Log Book,Kon-Tiki,Raft,"Lillehammer - Norway",Callao - Tahiti,,,1022.6,77.2,78.8,E.,3,,,,,,,,,,
28/06/1947,Noon,1983_011_0003_0130,Deck Log Book,Kon-Tiki,Raft,"Lillehammer - Norway",Callao - Tahiti,9.35S,122.2W,,,,,,215,28.6,,,,,,,,
29/06/1947,16:00,1983_011_0003_0130,Deck Log Book,Kon-Tiki,Raft,"Lillehammer - Norway",Callao - Tahiti,,,1022,79.7,78.9,E.,3,,,,,,,,,,
30/06/1947,04:00,1983_011_0003_0132,Deck Log Book,Kon-Tiki,Raft,"Lillehammer - Norway",Callao - Tahiti,,,1022.5,77.6,78.2,E.S.E. ,3,,,,,,,,,,
30/06/1947,Noon,1983_011_0003_0132,Deck Log Book,Kon-Tiki,Raft,"Lillehammer - Norway",Callao - Tahiti,9.45S,122.38W,,,,,,230,37.4,,,,,,,,
30/06/1947,16:00,1983_011_0003_0132,Deck Log Book,Kon-Tiki,Raft,"Lillehammer - Norway",Callao - Tahiti,,,1021.3,78.8,78.8,E.,3,,,,,,,,,,
01/07/1947,04:00,1983_011_0003_0134,Deck Log Book,Kon-Tiki,Raft,"Lillehammer - Norway",Callao - Tahiti,,,1022.8,77,78.4,,,,,,,,,,,,
01/07/1947,Noon,1983_011_0003_0134,Deck Log Book,Kon-Tiki,Raft,"Lillehammer - Norway",Callao - Tahiti,10.7S,123.6W,,,,,,210,35.6,25,E.,10,,,,,
01/07/1947,16:00,1983_011_0003_0134,Deck Log Book,Kon-Tiki,Raft,"Lillehammer - Norway",Callao - Tahiti,,,1023.4,80.3,79.1,E.N.E. ,3,,,,,,,,,,
02/07/1947,04:00,1983_011_0003_0136,Deck Log Book,Kon-Tiki,Raft,"Lillehammer - Norway",Callao - Tahiti,,,1023.7,77.8,79,E.,3,,,,,,,,,,
02/07/1947,Noon,1983_011_0003_0136,Deck Log Book,Kon-Tiki,Raft,"Lillehammer - Norway",Callao - Tahiti,10.25S,123.36W,,,,,,225,35.4,28,E.,6,,,,,
02/07/1947,16:00,1983_011_0003_0136,Deck Log Book,Kon-Tiki,Raft,"Lillehammer - Norway",Callao - Tahiti,,,1024.4,79,79,E.,3,,,,,,,,,,
03/07/1947,04:00,1983_011_0003_0138,Deck Log Book,Kon-Tiki,Raft,"Lillehammer - Norway",Callao - Tahiti,,,1025.9,77,78.8,E.,4,,,,,,,,,,
03/07/1947,Noon,1983_011_0003_0138,Deck Log Book,Kon-Tiki,Raft,"Lillehammer - Norway",Callao - Tahiti,10.44S,124.31W,,,,,,235,58.2,48,E.,10,,,,,
03/07/1947,16:00,1983_011_0003_0138,Deck Log Book,Kon-Tiki,Raft,"Lillehammer - Norway",Callao - Tahiti,,,1023.6,79.2,79.1,E.S.E. ,4,,,,,,,,,,
04/07/1947,04:00,1983_011_0003_0140,Deck Log Book,Kon-Tiki,Raft,"Lillehammer - Norway",Callao - Tahiti,,,1024,77.1,78.9,E.,4,,,,,,,,,,
04/07/1947,Noon,1983_011_0003_0140,Deck Log Book,Kon-Tiki,Raft,"Lillehammer - Norway",Callao - Tahiti,11.6S,125.18W,,,,,,235,51.8,42,E.S.E. ,8,,,,,
04/07/1947,16:00,1983_011_0003_0140,Deck Log Book,Kon-Tiki,Raft,"Lillehammer - Norway",Callao - Tahiti,,,1023.4,73.7,78.8,S.E. ,6,,,,,,,,,,
05/07/1947,04:00,1983_011_0003_0142,Deck Log Book,Kon-Tiki,Raft,"Lillehammer - Norway",Callao - Tahiti,,,1023.4,77.2,78.8,E.S.E. ,5,,,,,,,,,,
05/07/1947,Noon,1983_011_0003_0142,Deck Log Book,Kon-Tiki,Raft,"Lillehammer - Norway",Callao - Tahiti,11.15S,125.57W,,,,,,235,40.0,30,E.,10,,,,,
05/07/1947,16:00,1983_011_0003_0142,Deck Log Book,Kon-Tiki,Raft,"Lillehammer - Norway",Callao - Tahiti,,,1022.6,77,79.3,E.S.E. ,4,,,,,,,,,,
06/07/1947,04:00,1983_011_0003_0144,Deck Log Book,Kon-Tiki,Raft,"Lillehammer - Norway",Callao - Tahiti,,,1022.2,74.5,78.8,S.E. ,5,,,,,,,,,,
06/07/1947,Noon,1983_011_0003_0144,Deck Log Book,Kon-Tiki,Raft,"Lillehammer - Norway",Callao - Tahiti,11.33S,126.44W,,,,,,240,50.4,42,S.E. ,7,,,,,
06/07/1947,16:00,1983_011_0003_0144,Deck Log Book,Kon-Tiki,Raft,"Lillehammer - Norway",Callao - Tahiti,,,1022.2,77.2,79.8,E.S.E. ,5,,,,,,,,,,
07/07/1947,04:00,1983_011_0003_0146,Deck Log Book,Kon-Tiki,Raft,"Lillehammer - Norway",Callao - Tahiti,,,1022.2,76,79.2,S.E. ,4,,,,,,,,,,
07/07/1947,Noon,1983_011_0003_0146,Deck Log Book,Kon-Tiki,Raft,"Lillehammer - Norway",Callao - Tahiti,11.44S,127.14W,,,,,,235,32.2,28,S.E. ,4,,,,,
07/07/1947,16:00,1983_011_0003_0146,Deck Log Book,Kon-Tiki,Raft,"Lillehammer - Norway",Callao - Tahiti,,,1021.4,79.1,80.5,S.E. ,4,,,,,,,,,,
08/07/1947,04:00,1983_011_0003_0148,Deck Log Book,Kon-Tiki,Raft,"Lillehammer - Norway",Callao - Tahiti,,,1021.6,77.2,79.1,E.,4,,,,,,,,,,
08/07/1947,Noon,1983_011_0003_0148,Deck Log Book,Kon-Tiki,Raft,"Lillehammer - Norway",Callao - Tahiti,11.47S,127.58W,,,,,,270,44.0,34,,,,,,,
08/07/1947,16:00,1983_011_0003_0148,Deck Log Book,Kon-Tiki,Raft,"Lillehammer - Norway",Callao - Tahiti,,,1021,79.8,79.8,E.,3,,,,,,,,,,
09/07/1947,04:00,1983_011_0003_0150,Deck Log Book,Kon-Tiki,Raft,"Lillehammer - Norway",Callao - Tahiti,,,1022.1,78.2,79.5,N.E. ,4,,,,,,,,,,
09/07/1947,Noon,1983_011_0003_0150,Deck Log Book,Kon-Tiki,Raft,"Lillehammer - Norway",Callao - Tahiti,12.15S,128.27W,,,,,,210,40.3,32.3,E.,8,,,,,
09/07/1947,16:00,1983_011_0003_0150,Deck Log Book,Kon-Tiki,Raft,"Lillehammer - Norway",Callao - Tahiti,,,1020.1,80.7,79.7,N.E. ,3,,,,,,,,,,
10/07/1947,04:00,1983_011_0003_0152,Deck Log Book,Kon-Tiki,Raft,"Lillehammer - Norway",Callao - Tahiti,,,1022.6,75.8,79.1,0,0,,,,,,,,,,
10/07/1947,Noon,1983_011_0003_0152,Deck Log Book,Kon-Tiki,Raft,"Lillehammer - Norway",Callao - Tahiti,12.23S,128.37W,,,,,,210,12.8,9,E.,5,,,,,
10/07/1947,16:00,1983_011_0003_0152,Deck Log Book,Kon-Tiki,Raft,"Lillehammer - Norway",Callao - Tahiti,,,1022.6,79.2,79.8,N.E. ,1,,,,,,,,,,
11/07/1947,04:00,1983_011_0003_0154,Deck Log Book,Kon-Tiki,Raft,"Lillehammer - Norway",Callao - Tahiti,,,1023.7,77.9,79.8,N.E. ,2,,,,,,,,,,
11/07/1947,Noon,1983_011_0003_0154,Deck Log Book,Kon-Tiki,Raft,"Lillehammer - Norway",Callao - Tahiti,12.22S,128.46W,,,,,,280,9.0,5,E.,4,,,,,
11/07/1947,16:00,1983_011_0003_0154,Deck Log Book,Kon-Tiki,Raft,"Lillehammer - Norway",Callao - Tahiti,,,1022.6,78.8,80,N.E. ,1,,,,,,,,,,
12/07/1947,04:00,1983_011_0003_0156,Deck Log Book,Kon-Tiki,Raft,"Lillehammer - Norway",Callao - Tahiti,,,1022.2,77.8,79.2,E.N.E. ,2,,,,,,,,,,
12/07/1947,Noon,1983_011_0003_0156,Deck Log Book,Kon-Tiki,Raft,"Lillehammer - Norway",Callao - Tahiti,12.22S,129.17W,,,,,,280,31.0,31,,,,,,,
12/07/1947,16:00,1983_011_0003_0156,Deck Log Book,Kon-Tiki,Raft,"Lillehammer - Norway",Callao - Tahiti,,,1022.5,79.1,79.9,E.N.E. ,3,,,,,,,,,,
13/07/1947,04:00,1983_011_0003_0158,Deck Log Book,Kon-Tiki,Raft,"Lillehammer - Norway",Callao - Tahiti,,,1023.4,77.2,79.2,E.S.E. ,2,,,,,,,,,,
13/07/1947,Noon,1983_011_0003_0158,Deck Log Book,Kon-Tiki,Raft,"Lillehammer - Norway",Callao - Tahiti,12.5S,129.52W,,,,,,280,38.9,38.9,,,,,,,
13/07/1947,16:00,1983_011_0003_0158,Deck Log Book,Kon-Tiki,Raft,"Lillehammer - Norway",Callao - Tahiti,,,1022.6,79.1,79.6,N.E. ,3,,,,,,,,,,
14/07/1947,04:00,1983_011_0003_0160,Deck Log Book,Kon-Tiki,Raft,"Lillehammer - Norway",Callao - Tahiti,,,1023.1,76.1,79.6,N.E. ,3,,,,,,,,,,
14/07/1947,Noon,1983_011_0003_0160,Deck Log Book,Kon-Tiki,Raft,"Lillehammer - Norway",Callao - Tahiti,11.54S,130.16W,,,,,,270,26.4,26.4,,,,,,,
14/07/1947,16:00,1983_011_0003_0160,Deck Log Book,Kon-Tiki,Raft,"Lillehammer - Norway",Callao - Tahiti,,,1022.6,78.6,80.3,N.E. ,1,,,,,,,,,,
15/07/1947,04:00,1983_011_0003_0162,Deck Log Book,Kon-Tiki,Raft,"Lillehammer - Norway",Callao - Tahiti,,,1022.3,79,79.8,E. N.E. ,2,,,,,,,,,,
15/07/1947,Noon,1983_011_0003_0162,Deck Log Book,Kon-Tiki,Raft,"Lillehammer - Norway",Callao - Tahiti,12.13S,130.39W,,,,,,210,29.8,25.8,E.,4,,,,,
15/07/1947,16:00,1983_011_0003_0162,Deck Log Book,Kon-Tiki,Raft,"Lillehammer - Norway",Callao - Tahiti,,,,,,,,,,,,,,,,,
16/07/1947,04:00,1983_011_0003_0164,Deck Log Book,Kon-Tiki,Raft,"Lillehammer - Norway",Callao - Tahiti,,,1022.7,77.6,79.7,E.,2,,,,,,,,,,
16/07/1947,Noon,1983_011_0003_0164,Deck Log Book,Kon-Tiki,Raft,"Lillehammer - Norway",Callao - Tahiti,12.35S,131.3W,,,,,,210,32.6,25.6,E.,7,,,,,
16/07/1947,16:00,1983_011_0003_0164,Deck Log Book,Kon-Tiki,Raft,"Lillehammer - Norway",Callao - Tahiti,,,1022.6,80.1,80.1,E.,2,,,,,,,,,,
17/07/1947,04:00,1983_011_0003_0166,Deck Log Book,Kon-Tiki,Raft,"Lillehammer - Norway",Callao - Tahiti,,,1022.9,76.2,79.9,E.S.E. ,3,,,,,,,,,,
17/07/1947,Noon,1983_011_0003_0166,Deck Log Book,Kon-Tiki,Raft,"Lillehammer - Norway",Callao - Tahiti,12.52S,131.27W,,,,,,235,29.4,29.4,,,,,,,
17/07/1947,16:00,1983_011_0003_0166,Deck Log Book,Kon-Tiki,Raft,"Lillehammer - Norway",Callao - Tahiti,,,1023,80.2,80.7,E. ,3,,,,,,,,,,
18/07/1947,04:00,1983_011_0003_0168,Deck Log Book,Kon-Tiki,Raft,"Lillehammer - Norway",Callao - Tahiti,,,1024.1,78,79.7,E. ,3,,,,,,,,,,
18/07/1947,Noon,1983_011_0003_0168,Deck Log Book,Kon-Tiki,Raft,"Lillehammer - Norway",Callao - Tahiti,13.8S,131.52W,,,,,,235,29.7,29.7,,,,,,,
18/07/1947,16:00,1983_011_0003_0168,Deck Log Book,Kon-Tiki,Raft,"Lillehammer - Norway",Callao - Tahiti,,,1024.6,80.3,80,N.E. ,3,,,,,,,,,,
19/07/1947,04:00,1983_011_0003_0170,Deck Log Book,Kon-Tiki,Raft,"Lillehammer - Norway",Callao - Tahiti,,,1025.1,77.2,79.8,E. N.E. ,4,,,,,,,,,,
19/07/1947,Noon,1983_011_0003_0170,Deck Log Book,Kon-Tiki,Raft,"Lillehammer - Norway",Callao - Tahiti,13.31S,132.15W,,,,,,210,32.5,32.5,,,,,,,
19/07/1947,16:00,1983_011_0003_0170,Deck Log Book,Kon-Tiki,Raft,"Lillehammer - Norway",Callao - Tahiti,,,1025.3,76,79.8,E. N.E. ,2,,,,,,,,,,
20/07/1947,03:00,1983_011_0003_0172,Deck Log Book,Kon-Tiki,Raft,"Lillehammer - Norway",Callao - Tahiti,,,1025.3,77.2,79.1,E. N.E. ,3,,,,,,,,,,
20/07/1947,Noon,1983_011_0003_0172,Deck Log Book,Kon-Tiki,Raft,"Lillehammer - Norway",Callao - Tahiti,13.14S,132.42W,,,,,,300,31.9,31.9,,,,,,,
20/07/1947,15:00,1983_011_0003_0172,Deck Log Book,Kon-Tiki,Raft,"Lillehammer - Norway",Callao - Tahiti,,,1025.4,79.6,80,E. ,3,,,,,,,,,,
21/07/1947,03:00,1983_011_0003_0174,Deck Log Book,Kon-Tiki,Raft,"Lillehammer - Norway",Callao - Tahiti,,,1025.1,77.6,79.9,E. ,3,,,,,,,,,,
21/07/1947,Noon,1983_011_0003_0174,Deck Log Book,Kon-Tiki,Raft,"Lillehammer - Norway",Callao - Tahiti,12.58S,133.14W,,,,,,300,35.8,31.8,E. ,4,,,,,
21/07/1947,15:00,1983_011_0003_0174,Deck Log Book,Kon-Tiki,Raft,"Lillehammer - Norway",Callao - Tahiti,,,1025.1,77.8,80.2,E. ,6,,,,,,,,,,
22/07/1947,03:00,1983_011_0003_0176,Deck Log Book,Kon-Tiki,Raft,"Lillehammer - Norway",Callao - Tahiti,,,1027,79,79.5,E. ,4,,,,,,,,,,
22/07/1947,Noon,1983_011_0003_0176,Deck Log Book,Kon-Tiki,Raft,"Lillehammer - Norway",Callao - Tahiti,13.4S,133.49W,,,,,,240,35.6,35.6,,,,,,,
22/07/1947,15:00,1983_011_0003_0176,Deck Log Book,Kon-Tiki,Raft,"Lillehammer - Norway",Callao - Tahiti,,,1026.3,80.3,80,E. ,4,,,,,,,,,,
23/07/1947,03:00,1983_011_0003_0178,Deck Log Book,Kon-Tiki,Raft,"Lillehammer - Norway",Callao - Tahiti,,,1027.1,78.1,79.6,E. ,5,,,,,,,,,,
23/07/1947,Noon,1983_011_0003_0178,Deck Log Book,Kon-Tiki,Raft,"Lillehammer - Norway",Callao - Tahiti,13.31S,134.29W,,,,,,240,48.3,48.3,,,,,,,
23/07/1947,15:00,1983_011_0003_0178,Deck Log Book,Kon-Tiki,Raft,"Lillehammer - Norway",Callao - Tahiti,,,1026.5,79.4,80,,,,,,,,,,,,
24/07/1947,03:00,1983_011_0003_0180,Deck Log Book,Kon-Tiki,Raft,"Lillehammer - Norway",Callao - Tahiti,,,1026.6,78,79.8,E. ,5,,,,,,,,,,
24/07/1947,Noon,1983_011_0003_0180,Deck Log Book,Kon-Tiki,Raft,"Lillehammer - Norway",Callao - Tahiti,13.40S,135.9W,,,,,,231,41.1,31.1,E. ,10,,,,,
24/07/1947,15:00,1983_011_0003_0180,Deck Log Book,Kon-Tiki,Raft,"Lillehammer - Norway",Callao - Tahiti,,,1027,80.1,79.8,E. ,5,,,,,,,,,,
25/07/1947,03:00,1983_011_0003_0182,Deck Log Book,Kon-Tiki,Raft,"Lillehammer - Norway",Callao - Tahiti,,,1027.2,78.2,79.8,E. ,4,,,,,,,,,,
25/07/1947,Noon,1983_011_0003_0182,Deck Log Book,Kon-Tiki,Raft,"Lillehammer - Norway",Callao - Tahiti,13.48S,135.56W,,,,,,236,47.7,36.7,E. ,11,,,,,
25/07/1947,15:00,1983_011_0003_0182,Deck Log Book,Kon-Tiki,Raft,"Lillehammer - Norway",Callao - Tahiti,,,1027.3,78.3,79.9,E. ,4,,,,,,,,,,
26/07/1947,03:00,1983_011_0003_0184,Deck Log Book,Kon-Tiki,Raft,"Lillehammer - Norway",Callao - Tahiti,,,1027.3,77.5,79.2,E. ,5,,,,,,,,,,
26/07/1947,Noon,1983_011_0003_0184,Deck Log Book,Kon-Tiki,Raft,"Lillehammer - Norway",Callao - Tahiti,13.57S,136.44W,,,,,,236,48.7,39.7,E. ,9,,,,,
26/07/1947,15:00,1983_011_0003_0184,Deck Log Book,Kon-Tiki,Raft,"Lillehammer - Norway",Callao - Tahiti,,,1025.4,79.8,80,E. ,4,,,,,,,,,,
27/07/1947,03:00,1983_011_0003_0186,Deck Log Book,Kon-Tiki,Raft,"Lillehammer - Norway",Callao - Tahiti,,,1025.3,77.2,79.6,E. ,4,,,,,,,,,,
27/07/1947,Noon,1983_011_0003_0186,Deck Log Book,Kon-Tiki,Raft,"Lillehammer - Norway",Callao - Tahiti,14.16S,137.20W,,,,,,216,40.6,33.6,E. ,7,,,,,
27/07/1947,15:00,1983_011_0003_0186,Deck Log Book,Kon-Tiki,Raft,"Lillehammer - Norway",Callao - Tahiti,,,1024.6,79.8,79.9,E. ,4,,,,,,,,,,
28/07/1947,03:00,1983_011_0003_0188,Deck Log Book,Kon-Tiki,Raft,"Lillehammer - Norway",Callao - Tahiti,,,1025,76,79.4,E. N.E. ,4,,,,,,,,,,
28/07/1947,Noon,1983_011_0003_0188,Deck Log Book,Kon-Tiki,Raft,"Lillehammer - Norway",Callao - Tahiti,14.37S,137.43W,,,,,,216,31.1,31.1,,,,,,,
28/07/1947,15:00,1983_011_0003_0188,Deck Log Book,Kon-Tiki,Raft,"Lillehammer - Norway",Callao - Tahiti,,,1024.8,78.8,79.8,E. ,3,,,,,,,,,,
29/07/1947,03:00,1983_011_0003_0190,Deck Log Book,Kon-Tiki,Raft,"Lillehammer - Norway",Callao - Tahiti,,,1026.5,76.2,79.6,E. ,4,,,,,,,,,,
29/07/1947,Noon,1983_011_0003_0190,Deck Log Book,Kon-Tiki,Raft,"Lillehammer - Norway",Callao - Tahiti,14.29S,138.38W,,,,,,215,55.6,28.6,E. ,27,,,,,
29/07/1947,15:00,1983_011_0003_0190,Deck Log Book,Kon-Tiki,Raft,"Lillehammer - Norway",Callao - Tahiti,,,1025.5,79.2,80,E. ,4,,,,,,,,,,
30/07/1947,03:00,1983_011_0003_0192,Deck Log Book,Kon-Tiki,Raft,"Lillehammer - Norway",Callao - Tahiti,,,1027.1,79,79.8,E. ,4,,,,,,,,,,
30/07/1947,Noon,1983_011_0003_0192,Deck Log Book,Kon-Tiki,Raft,"Lillehammer - Norway",Callao - Tahiti,14.43S,139.11W,,,,,,191,35.9,24.9,,,,,,,
30/07/1947,15:00,1983_011_0003_0192,Deck Log Book,Kon-Tiki,Raft,"Lillehammer - Norway",Callao - Tahiti,,,1026.5,79.4,80.3,E. ,4,,,,,,,,,,
31/07/1947,03:00,1983_011_0003_0194,Deck Log Book,Kon-Tiki,Raft,"Lillehammer - Norway",Callao - Tahiti,,,1027.2,79.1,79.7,E. S.E. ,4,,,,,,,,,,
31/07/1947,Noon,1983_011_0003_0194,Deck Log Book,Kon-Tiki,Raft,"Lillehammer - Norway",Callao - Tahiti,15.1S,139.36W,,,,,,191,30.8,,,,,,,,
31/07/1947,15:00,1983_011_0003_0194,Deck Log Book,Kon-Tiki,Raft,"Lillehammer - Norway",Callao - Tahiti,,,1026.7,79.8,79.9,E. S.E. ,5,,,,,,,,,,
01/08/1947,03:00,1983_011_0003_0196,Deck Log Book,Kon-Tiki,Raft,"Lillehammer - Norway",Callao - Tahiti,,,1026.7,77,79.1,E. S.E. ,4,,,,,,,,,,
01/08/1947,Noon,1983_011_0003_0196,Deck Log Book,Kon-Tiki,Raft,"Lillehammer - Norway",Callao - Tahiti,15.18S,140W,,,,,,191,31.1,23.1,,,,,,,
01/08/1947,15:00,1983_011_0003_0196,Deck Log Book,Kon-Tiki,Raft,"Lillehammer - Norway",Callao - Tahiti,,,1025.8,80.4,79.7,E. N.E. ,4,,,,,,,,,,
02/08/1947,03:00,1983_011_0003_0198,Deck Log Book,Kon-Tiki,Raft,"Lillehammer - Norway",Callao - Tahiti,,,1025.7,78.6,79.4,E. N.E. ,5,,,,,,,,,,
02/08/1947,Noon,1983_011_0003_0198,Deck Log Book,Kon-Tiki,Raft,"Lillehammer - Norway",Callao - Tahiti,15.38S,140.24W,,,,,,180,31.2,26.2,,,,,,,
02/08/1947,15:00,1983_011_0003_0198,Deck Log Book,Kon-Tiki,Raft,"Lillehammer - Norway",Callao - Tahiti,,,1025.3,81.5,80.8,E. ,4,,,,,,,,,,
03/08/1947,03:00,1983_011_0003_0200,Deck Log Book,Kon-Tiki,Raft,"Lillehammer - Norway",Callao - Tahiti,,,1026.1,74.6,79.9,E. ,5,,,,,,,,,,
03/08/1947,Noon,1983_011_0003_0200,Deck Log Book,Kon-Tiki,Raft,"Lillehammer - Norway",Callao - Tahiti,15.53S,140.42W,,,,,,180,23.4,21.4,,,,,,,
03/08/1947,15:00,1983_011_0003_0200,Deck Log Book,Kon-Tiki,Raft,"Lillehammer - Norway",Callao - Tahiti,,,1025,80.2,80.2,E. ,2,,,,,,,,,,
04/08/1947,Noon,1983_011_0003_0202,Deck Log Book,Kon-Tiki,Raft,"Lillehammer - Norway",Callao - Tahiti,15.52S,140.52W,,,,,,305,10.0,10.0,,,,,,,
04/08/1947,15:00,1983_011_0003_0202,Deck Log Book,Kon-Tiki,Raft,"Lillehammer - Norway",Callao - Tahiti,,,1024.9,79.9,80.2,N.E. ,3,,,,,,,,,,
05/08/1947,03:00,1983_011_0003_0204,Deck Log Book,Kon-Tiki,Raft,"Lillehammer - Norway",Callao - Tahiti,,,1024.1,77.8,79.8,E. ,4,,,,,,,,,,
05/08/1947,Noon,1983_011_0003_0204,Deck Log Book,Kon-Tiki,Raft,"Lillehammer - Norway",Callao - Tahiti,15.50S,141.43W,,,,,,305,51.0,51.0,,,,,,,
05/08/1947,15:00,1983_011_0003_0204,Deck Log Book,Kon-Tiki,Raft,"Lillehammer - Norway",Callao - Tahiti,,,1023.4,79.7,79.7,E. N.E. ,2,,,,,,,,,,
06/08/1947,03:00,1983_011_0003_0206,Deck Log Book,Kon-Tiki,Raft,"Lillehammer - Norway",Callao - Tahiti,,,1025.3,78.8,79.8,N.E. ,3,,,,,,,,,,
06/08/1947,Noon,1983_011_0003_0206,Deck Log Book,Kon-Tiki,Raft,"Lillehammer - Norway",Callao - Tahiti,16.8S,141.50W,,,,,,180,24.4,,,,,,,,
06/08/1947,15:00,1983_011_0003_0206,Deck Log Book,Kon-Tiki,Raft,"Lillehammer - Norway",Callao - Tahiti,,,1025.5,79,79.2,E. ,2,,,,,,,,,,
07/08/1947,03:00,1983_011_0003_0208,Deck Log Book,Kon-Tiki,Raft,"Lillehammer - Norway",Callao - Tahiti,,,1026.3,77.2,79.1,E. N.E. ,3,,,,,,,,,,
07/08/1947,Noon,1983_011_0003_0208,Deck Log Book,Kon-Tiki,Raft,"Lillehammer - Norway",Callao - Tahiti,16.5S,142.22W,,,,,,180,23.6,23.6,,,,,,,
,,,,,,,,,,,,,,,,,,,,,,,,
